210625823, 203348048, 210695841, 204227966, 201206850, 211791880, 211968702, 205239899, 204282114, 206201061, 212449910, 210376109, 205413426, 202062769, 212317924, 210636095, 203120347, 210505125, 211982753, 203529462, 211080301, 210418945, 211910450, 211686083, 211082420, 201571251, 202885568, 202059382, 211084436, 206453540, 211779946, 204951731, 211155479, 212313679, 211907093, 211427681, 201928968, 212549988, 203735630, 202889754, 211682657, 203399155, 212694131, 201553491, 211057064, 203912851, 211686003, 205904628, 211324054, 205548249
210714090, 204762170, 205952359, 206194236, 206058474, 212099281, 212687469, 210397329, 201675720, 211412245, 210725484, 212082344, 202086905, 202093815, 204076987, 206076959, 211698887, 206212803, 211492999, 202896463, 212433892, 211993967, 212766564, 212817363, 212007631, 211607119, 202087270, 202947197, 202090732, 201481218, 210916278, 202093824, 206180804, 206035904, 202060164, 211622449, 202090759, 212537950, 211009170, 212832331, 202127106, 212272590, 202071892, 204361038, 212514114, 210495122, 204450531, 202062572, 212566197, 202059418
210744319, 201199515, 206354089, 210706090, 202092378, 202843785, 210690545, 211130861, 211770415, 205666907, 201177208, 211470238, 204184972, 202548324, 202093175, 212646511, 204503126, 201696797, 204226766, 202093900, 202072468, 211577320, 202090698, 210666536, 212629752, 202092370, 212680827, 212681742, 202093862, 210499464, 211630619, 203802752, 211935819, 210510450, 210711036, 202089926, 201504028, 201428974, 211904839, 212168508, 201715736, 211693579, 202092521, 202091567, 204950511, 204357732, 206007432, 212018072, 210350808, 211891698
212325264, 211353630, 210619667, 206120101, 202072493, 202087705, 204544974, 205525030, 201138049, 210797961, 211910468, 202095485, 203827114, 202092770, 202073360, 211814492, 212682665, 206019501, 211521356, 211810886, 211941049, 203648733, 212068544, 212633551, 210344373, 204563994, 210921903, 203366832, 205512687, 212346608, 212663915, 210651825, 210482588, 202088339, 202089383, 212670955, 210494404, 212459188, 204906970, 206245347, 206339184, 202127447, 212328581, 211485900, 206118021, 211500033, 210500305, 212152114, 203503369, 202564237
211993858, 201270176, 211337249, 205993484, 211842903, 211086147, 211160118, 212688749, 211062752, 205353392, 201835990, 211017891, 210738140, 211532467, 206391846, 212092929, 212278545, 203674997, 201772961, 201456971, 210942953, 210489759, 204958900, 210476247, 211182851, 212715052, 211898554, 205973521, 212499231, 206148288, 211168082, 206212261, 201410862, 210513800, 206349023, 205040289, 211142096, 212362258, 205415866, 210778603, 202785208, 201519178, 210400363, 202127908, 206422161, 211130525, 206223683, 210971120, 211939541, 203365065
212163332, 212486360, 204431863, 206225890, 212663452, 212597396, 201639973, 212768990, 204340168, 212723100, 211384880, 206461200, 206101836, 212429020, 210765748, 212479778, 205053182, 212822112, 206100831, 212625078, 211315893, 206117648, 212398392, 201596143, 212760250, 212469961, 210828827, 212294758, 201183536, 206024741, 202721424, 205470830, 212176029, 201852493, 202769820, 211439059, 202995284, 206057572, 210678041, 210631190, 201589736, 206262009, 212817630, 206192246, 211163318, 212370080, 211833422, 211888722, 205002158, 212013820
206140785, 211409870, 210786368, 203580006, 202135917, 212702889, 211632471, 212116681, 201356737, 201842939, 201205935, 201416371, 211876251, 206099379, 211396807, 212675639, 211802605, 211361798, 211537249, 201510403, 212513696, 212650351, 201924621, 201277614, 212418920, 202759851, 202066212, 201877821, 212673270, 211335512, 211795569, 212169406, 211583172, 206280056, 202137397, 212760639, 212603177, 204863171, 205982930, 211735134, 210663738, 212787142, 201562318, 205654420, 201152081, 212357072, 202087047, 203011879, 212001688, 201380677
201520609, 202067900, 210384032, 201732504, 202138159, 202081553, 201808476, 204789349, 212808763, 202084575, 201758624, 211697884, 211048839, 204349776, 201938148, 201248364, 202083038, 211704566, 202138247, 201897556, 203544427, 210723064, 206068229, 211979846, 202865931, 211024494, 211820777, 212724410, 210778066, 201656275, 205994374, 206028089, 210975876, 201841121, 211900943, 211980574, 206230907, 205996025, 204750568, 206457774, 212115293, 201143426, 205891876, 203447106, 206385935, 212696454, 210401443, 212630578, 204451272, 204576902
211312622, 201753731, 201864159, 211542823, 201543498, 206052563, 201534858, 211979077, 201918845, 211587330, 211939409, 201544153, 202135879, 201928541, 210536282, 212584830, 206043147, 206105199, 206010019, 201542972, 211736408, 201955492, 201805237, 201548347, 211572148, 201646610, 210400258, 210713219, 201305549, 201345564, 201237427, 201505705, 212790999, 201617815, 211387834, 210737818, 205908698, 205945365, 206133595, 211987847, 201622253, 205938941, 212442160, 210774619, 201240475, 201238699, 201383769, 212281517, 210946864, 204087224
210962647, 201452987, 201653963, 201869509, 211083574, 212420621, 206008404, 212548801, 206401364, 211710573, 212650038, 229227818, 206361888, 206101111, 206028344, 212530069, 212734446, 206147721, 210518516, 211755024, 211712939, 212393209, 206281478, 211356426, 212828932, 206348242, 206326600, 201917086, 201661740, 212750650, 212831030, 211822489, 201491315, 206058869, 212611956, 210777722, 212614245, 212567062, 212743934, 206080768, 211902620, 205430135, 203920000, 201540753, 210667578, 210635426, 211062382, 212607355, 201187271, 201607090
